material_name,material_type,strength_rating,weight_capacity,biodegradability_score,recyclability_percentage,co2_emission_score,cost_per_unit
Corrugated Cardboard,Paper,6,18.11458614,9,85,4.38038894,11.96021026
Kraft Paper,Paper,5,18.51283226,10,88,3.650347213,8.328099279
Recycled Paperboard,Paper,7,21.47455595,9,90,3.117844667,7.291421118
Molded Pulp,Pulp,7,20.79923809,8,97,3.583271371,14.66168866
Bagasse Fiber,Natural Fiber,6,18.60536875,10,82,2.811307458,16.3027139
Bamboo Fiber Packaging,Natural Fiber,7,24.59568368,8,82,3.633874857,15.09728683
Hemp Fiber Board,Natural Fiber,7,32.92494244,9,80,3.406677776,16.06654511
Biodegradable PLA,Bioplastic,10,24.4042194,6,66,5.599827744,19.45816002
Compostable PBAT,Bioplastic,8,22.93587672,9,66,5.191934919,16.19548088
Starch-Based Plastic,Bioplastic,8,23.17877563,9,74,4.232531097,15.46435679
Recycled PET,Plastic,8,36.64328341,2,81,6.242756424,21.64870078
HDPE Recycled,Plastic,8,41.19451629,2,90,6.890134662,22.67523934
LDPE Recycled,Plastic,6,35.42786389,3,84,6.88567618,21.69627706
Reusable Plastic Crate,Plastic,9,50.35124764,3,39,7.309031322,22.41680008
Glass Bottle,Glass,8,36.50141358,2,32,8.297391899,22.38269928
Tempered Glass Packaging,Glass,9,48.65333098,1,32,8.520196821,25.65022993
Aluminum Can,Metal,8,34.01692818,2,78,5.664060067,20.21852335
Tin Container,Metal,10,40.34292735,3,72,7.013629789,20.11644841
Steel Packaging,Metal,9,59.63535931,1,69,7.395789172,28.95915064
Wooden Crate,Wood,9,41.67676883,7,62,4.849302511,21.18027266
Plywood Box,Wood,9,48.70952911,5,56,5.110523127,24.60913187
Cornstarch Packaging,Biopolymer,6,23.82553447,9,81,3.579480937,14.55412195
Seaweed Packaging,Biopolymer,5,16.16832437,10,84,3.228612021,16.62549772
Mushroom Packaging,Biopolymer,7,26.15016249,10,90,2.508158044,18.54180158
Palm Leaf Packaging,Natural Fiber,7,18.27662622,10,89,2.906799511,13.22303838
Corrugated Cardboard,Paper,6,20.8781044,8,83,4.517656852,13.50163841
Kraft Paper,Paper,7,14.26929234,9,92,4.108640629,10.34990044
Recycled Paperboard,Paper,5,13.14097035,10,87,3.442261986,7.422357483
Molded Pulp,Pulp,9,29.10244404,8,92,3.318652908,12.99636519
Bagasse Fiber,Natural Fiber,6,15.55097651,10,82,3.512819563,13.83287761
Bamboo Fiber Packaging,Natural Fiber,8,26.52878266,10,80,3.49864289,17.50394443
Hemp Fiber Board,Natural Fiber,8,30.67599176,9,73,3.293304579,15.70276477
Biodegradable PLA,Bioplastic,9,31.12288417,6,65,4.922866488,21.44531223
Compostable PBAT,Bioplastic,8,21.7467355,8,67,5.036903162,16.83431068
Starch-Based Plastic,Bioplastic,7,23.56798926,7,68,4.8849574,14.80618903
Recycled PET,Plastic,8,38.68274719,4,88,5.661390177,21.22738958
HDPE Recycled,Plastic,9,44.56986105,3,86,7.044252452,22.9589909
LDPE Recycled,Plastic,8,32.14382344,3,85,6.790039234,20.21339109
Reusable Plastic Crate,Plastic,10,51.04215821,1,36,8.311556058,24.53169054
Glass Bottle,Glass,10,44.43566422,1,34,8.977494224,21.76505808
Tempered Glass Packaging,Glass,9,44.7789476,1,32,9.081335184,27.28221453
Aluminum Can,Metal,8,35.91243136,2,73,6.752821453,21.36704418
Tin Container,Metal,8,35.16055877,1,69,7.433413158,23.05391834
Steel Packaging,Metal,10,53.03786741,2,66,8.168705768,29.46027383
Wooden Crate,Wood,9,45.76030025,5,59,4.415320373,24.83977808
Plywood Box,Wood,9,50.48820013,5,59,4.73811481,27.51524875
Cornstarch Packaging,Biopolymer,7,23.81041595,9,84,3.86288273,12.83828578
Seaweed Packaging,Biopolymer,6,16.60008516,10,89,2.632119599,16.85008544
Mushroom Packaging,Biopolymer,6,26.98196382,10,96,2.08342986,16.94550593
Palm Leaf Packaging,Natural Fiber,6,10.10779121,9,80,2.328593094,11.71938683
Corrugated Cardboard,Paper,7,21.94034768,8,82,4.341287892,11.85355451
Kraft Paper,Paper,6,17.05142239,10,88,4.239891344,11.06109387
Recycled Paperboard,Paper,6,18.80653226,9,90,4.230029535,7.948074125
Molded Pulp,Pulp,7,26.21173802,9,95,2.523351189,16.21072258
Bagasse Fiber,Natural Fiber,6,16.87026113,10,88,3.013597509,14.64582472
Bamboo Fiber Packaging,Natural Fiber,8,17.39745358,8,81,3.56952016,15.41302761
Hemp Fiber Board,Natural Fiber,9,27.72752644,9,82,2.849139628,17.22875199
Biodegradable PLA,Bioplastic,8,28.40944694,8,61,5.5332382,17.19444727
Compostable PBAT,Bioplastic,9,24.42807693,8,72,4.155370829,19.61233978
Starch-Based Plastic,Bioplastic,6,25.43893698,7,67,4.724261194,16.15497438
Recycled PET,Plastic,10,31.37522874,4,87,5.990441225,20.12552783
HDPE Recycled,Plastic,9,41.99621966,2,92,7.036125164,22.11158074
LDPE Recycled,Plastic,7,34.43258706,3,92,5.997140036,22.35172087
Reusable Plastic Crate,Plastic,10,51.4020364,1,44,7.285586832,22.10207046
Glass Bottle,Glass,9,40.90316598,2,27,7.86176793,22.20382188
Tempered Glass Packaging,Glass,10,47.84137717,1,30,8.364904196,26.49271036
Aluminum Can,Metal,9,38.0433626,2,74,6.506797326,21.82760579
Tin Container,Metal,8,38.9927698,1,66,6.640721393,25.86721424
Steel Packaging,Metal,10,52.79799969,2,65,7.939487908,25.12672978
Wooden Crate,Wood,9,46.74062767,6,61,4.225586112,25.8655556
Plywood Box,Wood,9,49.87851341,4,59,5.080287545,26.3467772
Cornstarch Packaging,Biopolymer,8,22.50156357,9,83,3.232664794,16.76477654
Seaweed Packaging,Biopolymer,5,13.5650054,10,89,2.662337744,14.40976806
Mushroom Packaging,Biopolymer,7,24.56665451,10,88,2.075892959,18.17047686
Palm Leaf Packaging,Natural Fiber,5,11.60723161,10,81,3.147690362,15.87692484
Corrugated Cardboard,Paper,6,21.70678364,9,86,4.214954848,9.537786412
Kraft Paper,Paper,6,16.45672165,8,88,3.220672889,9.446555947
Recycled Paperboard,Paper,6,16.96821448,10,91,3.487360203,11.74226646
Molded Pulp,Pulp,8,23.16151675,9,99,3.443072842,16.7601849
Bagasse Fiber,Natural Fiber,5,19.91215137,10,80,3.345708924,12.26155221
Bamboo Fiber Packaging,Natural Fiber,6,21.37177035,8,81,3.412467767,18.40596809
Hemp Fiber Board,Natural Fiber,7,32.15484671,10,82,3.185554729,19.44803666
Biodegradable PLA,Bioplastic,10,31.23517631,7,61,5.27033872,19.46592591
Compostable PBAT,Bioplastic,9,21.62407707,8,67,4.959254666,15.61299226
Starch-Based Plastic,Bioplastic,6,20.09200231,8,73,4.17999803,13.04381245
Recycled PET,Plastic,9,38.59052782,3,83,6.589298554,17.44238049
HDPE Recycled,Plastic,7,37.51920952,1,88,5.983591566,23.54727371
LDPE Recycled,Plastic,6,36.30248976,3,89,6.406222923,21.18735358
Reusable Plastic Crate,Plastic,10,47.69000135,3,41,7.379462151,23.36816331
Glass Bottle,Glass,10,43.400155,1,27,8.38297785,22.33429553
Tempered Glass Packaging,Glass,10,49.63649154,2,28,9.331944224,25.73267598
Aluminum Can,Metal,8,35.98170184,2,74,6.260798748,22.61765135
Tin Container,Metal,10,41.31740937,3,68,6.692764137,22.66695788
Steel Packaging,Metal,10,59.49349291,2,72,6.876722761,30.91518962
Wooden Crate,Wood,7,42.71672235,7,57,4.418242337,26.87446546
Plywood Box,Wood,8,54.06393464,5,50,5.225105191,24.17300232
Cornstarch Packaging,Biopolymer,6,19.91756511,8,80,3.443419279,13.11400052
Seaweed Packaging,Biopolymer,6,20.89635206,9,88,3.106354336,16.46812208
Mushroom Packaging,Biopolymer,7,24.84526294,10,95,2.827285801,17.81742517
Palm Leaf Packaging,Natural Fiber,7,11.75175538,9,85,2.641521914,15.66240153
Corrugated Cardboard,Paper,8,16.01928605,7,80,4.326103241,12.69708266
Kraft Paper,Paper,5,18.08732289,10,92,3.324466165,11.11637125
Recycled Paperboard,Paper,7,20.21902932,10,94,3.137052663,11.50701254
Molded Pulp,Pulp,8,23.49264256,10,98,3.609979096,14.17642894
Bagasse Fiber,Natural Fiber,5,20.98728592,10,81,3.271736507,15.53390055
Bamboo Fiber Packaging,Natural Fiber,6,24.02560478,9,82,3.672873805,14.6634281
Hemp Fiber Board,Natural Fiber,7,28.04381564,10,77,3.285191808,16.52045151
Biodegradable PLA,Bioplastic,10,25.80224385,8,63,5.608604874,20.6716594
Compostable PBAT,Bioplastic,8,27.06690282,9,74,5.39751136,17.55242903
Starch-Based Plastic,Bioplastic,7,27.61425446,9,72,4.40701427,18.99970569
Recycled PET,Plastic,8,38.60642497,2,87,6.07499009,19.67397206
HDPE Recycled,Plastic,8,42.51707468,2,88,6.501331126,20.66565371
LDPE Recycled,Plastic,8,33.01236558,2,88,6.490104232,21.32831191
Reusable Plastic Crate,Plastic,9,45.69479467,1,44,8.256819039,24.59544926
Glass Bottle,Glass,9,44.25307442,1,34,8.841131419,19.23183712
Tempered Glass Packaging,Glass,10,49.19204592,1,27,8.856849078,24.47390946
Aluminum Can,Metal,9,38.94350876,4,72,6.235690704,21.09492843
Tin Container,Metal,8,34.27097994,3,72,7.2098032,21.63817338
Steel Packaging,Metal,9,55.06315516,1,67,6.918130857,27.10970459
Wooden Crate,Wood,7,44.03558393,5,63,5.074588006,23.10878707
Plywood Box,Wood,10,53.65688734,6,54,5.860309864,29.08197685
Cornstarch Packaging,Biopolymer,6,18.29598224,9,81,3.741742917,15.09451316
Seaweed Packaging,Biopolymer,5,14.76396509,9,84,3.237749659,18.94121802
Mushroom Packaging,Biopolymer,7,24.57390198,9,95,2.031918513,21.01843642
Palm Leaf Packaging,Natural Fiber,6,13.39799435,10,87,3.466853475,15.39444811
Corrugated Cardboard,Paper,8,18.76389958,8,84,3.793426541,12.3893242
Kraft Paper,Paper,7,15.16630939,10,85,3.506478937,12.99878431
Recycled Paperboard,Paper,6,19.16762226,10,88,3.217975955,11.49833062
Molded Pulp,Pulp,9,26.81278938,9,98,2.824737858,14.16523432
Bagasse Fiber,Natural Fiber,6,18.51286523,9,81,3.320761701,16.93071658
Bamboo Fiber Packaging,Natural Fiber,8,22.50408449,8,75,3.566574502,15.83068682
Hemp Fiber Board,Natural Fiber,8,25.41795957,9,79,2.838294031,19.01399257
Biodegradable PLA,Bioplastic,10,23.0027919,7,66,5.578970284,21.9443959
Compostable PBAT,Bioplastic,7,30.21146007,9,65,5.161818176,14.5423964
Starch-Based Plastic,Bioplastic,6,24.13682478,9,71,4.935552227,13.4618228
Recycled PET,Plastic,9,38.42471158,3,85,5.633861525,18.12229611
HDPE Recycled,Plastic,7,43.21686245,1,88,6.127436607,21.03725167
LDPE Recycled,Plastic,8,33.79348057,3,90,6.138855865,20.31115022
Reusable Plastic Crate,Plastic,10,52.78298423,1,39,7.608690862,27.75832757
Glass Bottle,Glass,10,41.7583417,2,26,8.645333923,20.94803863
Tempered Glass Packaging,Glass,9,40.79637785,1,30,9.565826723,23.11373254
Aluminum Can,Metal,9,37.67440104,4,78,6.473630355,20.77116148
Tin Container,Metal,9,36.73242667,1,74,7.01167873,22.50795862
Steel Packaging,Metal,10,58.80816109,1,64,7.634291231,28.37291596
Wooden Crate,Wood,8,46.39806185,7,60,4.51200805,26.34597272
Plywood Box,Wood,10,53.96298725,4,55,4.716822452,25.44186521
Cornstarch Packaging,Biopolymer,6,20.69854601,8,83,3.526006892,14.16386024
Seaweed Packaging,Biopolymer,7,19.436031,9,92,2.50001983,15.95432403
Mushroom Packaging,Biopolymer,7,20.51964703,9,90,2.965611325,18.44045945
Palm Leaf Packaging,Natural Fiber,6,17.70933983,10,86,2.809326928,12.77209405
Corrugated Cardboard,Paper,7,16.10337391,7,86,4.250948198,9.891213404
Kraft Paper,Paper,7,19.90764461,10,85,4.341330738,12.82677984
Recycled Paperboard,Paper,5,17.89937134,10,92,4.024856887,11.75895536
Molded Pulp,Pulp,9,27.21938883,8,90,3.688230644,15.74697797
Bagasse Fiber,Natural Fiber,5,17.02381308,10,87,2.99149225,14.91692632
Bamboo Fiber Packaging,Natural Fiber,8,20.72223802,9,81,3.17311497,18.51877746
Hemp Fiber Board,Natural Fiber,7,30.85270179,10,77,3.033565883,19.32550363
Biodegradable PLA,Bioplastic,8,30.10153877,6,68,4.947453799,20.57244895
Compostable PBAT,Bioplastic,8,21.56371778,8,71,4.620478428,15.01492954
Starch-Based Plastic,Bioplastic,8,19.2548093,7,73,4.872230433,13.11140201
Recycled PET,Plastic,8,33.377184,2,83,5.751116737,18.75803289
HDPE Recycled,Plastic,9,37.46496739,2,86,7.162448583,19.15750317
LDPE Recycled,Plastic,6,31.32186363,1,87,6.536968054,21.72941504
Reusable Plastic Crate,Plastic,9,49.64882887,1,40,8.121543993,26.57677898
Glass Bottle,Glass,8,37.95903768,1,29,8.524536519,24.44480739
Tempered Glass Packaging,Glass,10,41.37319696,1,31,9.471929615,24.53921459
Aluminum Can,Metal,9,38.96340856,3,71,6.469965376,19.57721156
Tin Container,Metal,9,42.17976369,1,71,6.984556884,22.13747582
Steel Packaging,Metal,9,52.41333715,1,64,7.911929681,26.84965191
Wooden Crate,Wood,8,44.53082171,5,60,5.097088457,24.55081648
Plywood Box,Wood,9,52.9880048,5,57,5.775272277,25.93260207
Cornstarch Packaging,Biopolymer,7,22.06459374,8,78,2.944240383,12.48950643
Seaweed Packaging,Biopolymer,7,15.81966693,9,87,2.612081981,16.61009154
Mushroom Packaging,Biopolymer,8,26.92041163,10,94,3.065046589,16.90997962
Palm Leaf Packaging,Natural Fiber,7,18.80030366,10,84,3.075551834,13.41182161
Corrugated Cardboard,Paper,7,18.72812796,9,82,4.562138094,9.075417886
Kraft Paper,Paper,7,13.08593357,8,86,3.992683906,10.62617512
Recycled Paperboard,Paper,7,17.58879225,10,86,4.428819196,10.79566537
Molded Pulp,Pulp,9,20.32222242,8,98,3.481020083,13.36218814
Bagasse Fiber,Natural Fiber,5,19.83558063,10,89,2.516729002,13.93783274
Bamboo Fiber Packaging,Natural Fiber,8,17.91568686,10,82,2.822120407,16.73611559
Hemp Fiber Board,Natural Fiber,8,28.25815136,8,76,3.300433661,15.66491987
Biodegradable PLA,Bioplastic,10,31.67318096,8,69,5.197032938,19.2149808
Compostable PBAT,Bioplastic,8,27.02384113,7,71,4.578790054,16.66491926
Starch-Based Plastic,Bioplastic,6,19.80021838,7,75,5.172148602,15.91428063
Recycled PET,Plastic,8,30.40741499,3,89,6.000370946,17.78565582
HDPE Recycled,Plastic,9,39.33740341,3,88,6.582527058,20.57968779
LDPE Recycled,Plastic,7,34.06907914,3,83,6.044467826,22.05225331
Reusable Plastic Crate,Plastic,9,48.10687195,3,43,7.423381195,24.68936096
Glass Bottle,Glass,9,39.82973861,1,34,7.968060894,19.17548938
Tempered Glass Packaging,Glass,10,41.89805522,1,30,8.564038182,28.36064161
Aluminum Can,Metal,9,33.79047115,2,70,5.992335488,21.71984068
Tin Container,Metal,9,39.98859479,2,70,6.691133621,20.0210396
Steel Packaging,Metal,9,58.94240744,1,67,8.100440055,28.69251197
Wooden Crate,Wood,9,44.65304542,7,60,4.768285828,21.39163676
Plywood Box,Wood,10,50.48899885,6,59,4.974749975,25.0150121
Cornstarch Packaging,Biopolymer,6,16.71144171,10,77,3.033632054,17.18012057
Seaweed Packaging,Biopolymer,5,21.89578257,10,85,3.029740052,16.93221042
Mushroom Packaging,Biopolymer,6,22.50602205,10,93,2.877763355,16.22463785
Palm Leaf Packaging,Natural Fiber,7,11.07580192,10,80,2.455765045,11.20208104
Corrugated Cardboard,Paper,6,24.56037357,8,89,4.626344097,10.04969226
Kraft Paper,Paper,6,11.37550745,9,89,3.251546158,11.8130323
Recycled Paperboard,Paper,6,15.71223758,10,88,3.212140485,9.816469393
Molded Pulp,Pulp,9,28.36605641,9,91,3.505182377,11.85697008
Bagasse Fiber,Natural Fiber,7,15.4704002,9,89,2.77835154,16.75840557
Bamboo Fiber Packaging,Natural Fiber,8,25.40881255,8,78,3.687082379,15.03377816
Hemp Fiber Board,Natural Fiber,7,28.72185689,8,73,3.229922985,15.80433652
Biodegradable PLA,Bioplastic,9,31.79253198,8,68,5.42419297,19.55336333
Compostable PBAT,Bioplastic,8,25.71506274,7,65,5.152155896,15.43592247
Starch-Based Plastic,Bioplastic,8,28.3674238,8,75,4.220777029,14.14233587
Recycled PET,Plastic,8,34.88717859,3,81,6.33232506,22.68114681
HDPE Recycled,Plastic,7,41.14482493,2,86,6.133989114,22.55817727
LDPE Recycled,Plastic,6,31.30630332,1,84,6.241314061,23.53451748
Reusable Plastic Crate,Plastic,10,47.6574993,2,42,8.221723953,26.02863438
Glass Bottle,Glass,9,35.47104514,1,29,8.949129653,22.72826402
Tempered Glass Packaging,Glass,10,40.22286378,1,31,9.575640428,24.47453427
Aluminum Can,Metal,9,37.72517596,2,76,6.328605432,19.77376156
Tin Container,Metal,9,40.79739861,3,67,6.973230414,20.77508216
Steel Packaging,Metal,9,50.41027281,1,65,7.5781645,30.31642263
Wooden Crate,Wood,9,42.42114274,5,55,5.352239605,22.25971055
Plywood Box,Wood,8,46.20762587,4,57,5.427626668,27.67143169
Cornstarch Packaging,Biopolymer,8,16.3695243,10,84,4.038922652,17.63059529
Seaweed Packaging,Biopolymer,7,22.95098354,10,92,2.624516266,18.81144867
Mushroom Packaging,Biopolymer,8,19.10413363,9,93,2.788696356,17.85113467
Palm Leaf Packaging,Natural Fiber,7,19.88377378,9,87,2.778318062,15.49494065
Corrugated Cardboard,Paper,6,19.59998492,8,83,4.801847016,14.66720854
Kraft Paper,Paper,5,12.94955071,10,89,3.303235354,13.56706345
Recycled Paperboard,Paper,6,20.62975838,8,85,3.805238608,9.043014106
Molded Pulp,Pulp,7,20.38678311,8,92,3.224936922,15.07551127
Bagasse Fiber,Natural Fiber,5,15.5429301,10,81,3.417809784,17.60533945
Bamboo Fiber Packaging,Natural Fiber,7,25.897752,9,80,3.757735447,13.18057705
Hemp Fiber Board,Natural Fiber,8,34.72338683,9,74,3.973350465,19.26001037
Biodegradable PLA,Bioplastic,9,23.5862772,6,69,5.381485546,20.21513999
Compostable PBAT,Bioplastic,8,23.96884044,9,73,5.221859765,14.14870109
Starch-Based Plastic,Bioplastic,8,25.7969144,7,76,4.391003937,16.35102719
Recycled PET,Plastic,9,30.49176104,3,82,6.027212338,20.97008502
HDPE Recycled,Plastic,7,41.23087248,1,88,6.371036519,24.23220789
LDPE Recycled,Plastic,7,32.09175926,2,84,6.222884585,18.37969956
Reusable Plastic Crate,Plastic,10,50.82677494,3,44,7.978429654,22.6218244
Glass Bottle,Glass,9,44.79433174,1,30,8.952388713,24.4172876
Tempered Glass Packaging,Glass,10,46.23419349,1,29,8.80644662,24.50647247
Aluminum Can,Metal,8,34.28764161,3,73,5.889550737,18.30912903
Tin Container,Metal,10,40.28681625,2,65,6.497479517,25.57259203
Steel Packaging,Metal,10,54.06490878,2,69,8.108836156,28.98900333
Wooden Crate,Wood,9,45.12849724,6,57,4.36605547,23.84450659
Plywood Box,Wood,9,45.83162025,6,50,5.084262237,25.36601323
Cornstarch Packaging,Biopolymer,6,15.01282579,10,80,3.094094728,17.45371442
Seaweed Packaging,Biopolymer,6,13.95294149,10,90,2.698778473,15.9988377
Mushroom Packaging,Biopolymer,7,17.96014136,10,91,2.070636566,21.66141282
Palm Leaf Packaging,Natural Fiber,7,13.66944681,10,81,3.53593402,16.8367356
Corrugated Cardboard,Paper,8,20.47763376,7,84,4.877437243,11.40133648
Kraft Paper,Paper,5,12.2238397,10,89,3.750944883,8.529100013
Recycled Paperboard,Paper,7,18.07922291,8,90,4.406527971,12.62972063
Molded Pulp,Pulp,9,22.19797526,10,96,2.561124083,11.58684417
Bagasse Fiber,Natural Fiber,7,14.49776247,10,85,3.116097081,13.9318052
Bamboo Fiber Packaging,Natural Fiber,7,23.54289669,9,76,3.303902024,13.89282225
Hemp Fiber Board,Natural Fiber,8,29.29974694,10,78,2.673376676,17.0310956
Biodegradable PLA,Bioplastic,8,25.81803408,7,65,4.810635902,19.50557219
Compostable PBAT,Bioplastic,8,30.9984978,7,69,4.148340698,15.13576306
Starch-Based Plastic,Bioplastic,8,22.86075983,9,69,4.017520594,16.03804295
Recycled PET,Plastic,8,37.12251073,4,88,5.349895927,17.78136302
HDPE Recycled,Plastic,7,39.17146031,2,94,6.088086842,20.91679017
LDPE Recycled,Plastic,6,30.05817188,1,85,5.829359312,21.80423947
Reusable Plastic Crate,Plastic,10,48.65066368,3,39,7.961321779,27.41742846
Glass Bottle,Glass,9,43.49094979,1,30,8.808196237,19.50642828
Tempered Glass Packaging,Glass,9,40.63769097,2,32,8.209435028,26.56539481
Aluminum Can,Metal,9,39.26511591,2,71,5.553533201,19.81584617
Tin Container,Metal,9,40.14523899,1,69,6.906958734,24.64394493
Steel Packaging,Metal,10,54.15727978,2,67,7.31663405,25.42520755
Wooden Crate,Wood,8,45.40433289,6,63,5.33411773,22.51904762
Plywood Box,Wood,8,47.40590588,6,57,5.366213077,26.83341741
Cornstarch Packaging,Biopolymer,7,21.34562026,10,77,4.166269426,12.56071775
Seaweed Packaging,Biopolymer,5,14.62423551,10,91,2.994929985,16.89203987
Mushroom Packaging,Biopolymer,8,25.41922919,10,96,2.724571913,19.47036146
Palm Leaf Packaging,Natural Fiber,7,14.84229075,9,80,3.239905429,13.33601887
Corrugated Cardboard,Paper,6,21.51974395,9,87,3.508904185,10.05407651
Kraft Paper,Paper,6,11.27115435,9,83,3.297973581,8.703792597
Recycled Paperboard,Paper,7,14.56473736,8,90,4.079602859,8.388577501
Molded Pulp,Pulp,9,26.2844835,8,97,3.436641131,11.7732341
Bagasse Fiber,Natural Fiber,7,13.59380916,9,87,2.734992874,13.87197329
Bamboo Fiber Packaging,Natural Fiber,8,18.09651302,8,83,3.548256105,15.15363332
Hemp Fiber Board,Natural Fiber,8,25.84621093,9,77,3.199469771,17.47314455
Biodegradable PLA,Bioplastic,8,25.43435025,6,63,5.449771432,17.268434
Compostable PBAT,Bioplastic,7,27.60170311,7,66,5.057090376,15.76099057
Starch-Based Plastic,Bioplastic,6,23.78255726,8,67,3.981743407,15.81452355
Recycled PET,Plastic,10,38.08187319,3,83,5.99162828,17.57556832
HDPE Recycled,Plastic,8,39.19842131,3,93,6.157194217,19.87202533
LDPE Recycled,Plastic,8,29.2505789,2,90,6.026907413,20.32262585
Reusable Plastic Crate,Plastic,9,53.38130912,1,39,8.124547534,26.78338059
Glass Bottle,Glass,9,39.88976635,1,29,8.132721366,20.8678987
Tempered Glass Packaging,Glass,10,44.51320338,2,27,9.317261297,28.88906229
Aluminum Can,Metal,9,30.99107451,4,72,6.326092296,21.18345026
Tin Container,Metal,9,35.77356035,1,65,7.448933257,25.7812739
Steel Packaging,Metal,10,57.70645919,1,63,7.08205592,30.83388876
Wooden Crate,Wood,7,49.4366037,7,57,4.700704395,22.80758647
Plywood Box,Wood,9,47.73903324,5,51,5.454386159,25.51085247
Cornstarch Packaging,Biopolymer,8,21.61745188,10,77,2.948701718,16.80741319
Seaweed Packaging,Biopolymer,5,21.95728348,9,86,3.250652728,19.85784713
Mushroom Packaging,Biopolymer,6,17.77860374,9,88,2.688953035,19.84127664
Palm Leaf Packaging,Natural Fiber,6,14.87092949,9,81,3.085004384,11.38903438
Corrugated Cardboard,Paper,8,22.13079324,9,88,3.648149154,10.90411585
Kraft Paper,Paper,7,16.21127911,10,91,3.946044211,12.06027379
Recycled Paperboard,Paper,5,22.70362682,8,88,3.977881447,12.49566076
Molded Pulp,Pulp,8,24.42060638,10,94,2.839178001,14.69473574
Bagasse Fiber,Natural Fiber,6,22.60711593,10,82,2.785002349,15.39865639
Bamboo Fiber Packaging,Natural Fiber,7,21.03178282,9,81,3.388784681,15.73208956
Hemp Fiber Board,Natural Fiber,7,28.13573723,9,74,3.812671161,16.22057895
Biodegradable PLA,Bioplastic,8,26.68542533,6,66,5.707058334,17.37429917
Compostable PBAT,Bioplastic,8,22.51863138,7,71,5.11426955,19.9970169
Starch-Based Plastic,Bioplastic,6,26.4130397,7,69,3.935285025,18.71978803
Recycled PET,Plastic,8,30.59934062,3,82,5.412678848,20.19229142
HDPE Recycled,Plastic,7,35.05360768,3,85,6.241296792,23.28685996
LDPE Recycled,Plastic,7,31.04127723,2,92,6.250966497,21.27881785
Reusable Plastic Crate,Plastic,9,50.31350293,3,36,8.157766489,24.2738401
Glass Bottle,Glass,10,37.93780698,1,26,8.906705359,24.42302276
Tempered Glass Packaging,Glass,10,48.48479745,1,23,9.114819279,26.61133572
Aluminum Can,Metal,8,36.40527295,2,74,6.439374633,18.31646096
Tin Container,Metal,9,42.42266025,1,72,6.220966874,21.45365844
Steel Packaging,Metal,10,54.93386512,1,68,7.462983096,30.03512355
Wooden Crate,Wood,8,47.37849151,5,60,4.877669476,24.11463119
Plywood Box,Wood,9,54.07254054,4,51,4.610284801,27.98127816
Cornstarch Packaging,Biopolymer,7,15.20333254,10,81,3.18193157,17.09947165
Seaweed Packaging,Biopolymer,6,20.98729705,10,87,2.173145636,17.974603
Mushroom Packaging,Biopolymer,8,18.84220342,10,90,2.371831887,16.75255476
Palm Leaf Packaging,Natural Fiber,5,16.04743631,9,88,2.453395541,13.32897554
Corrugated Cardboard,Paper,8,17.65780311,9,83,4.366891038,10.02184489
Kraft Paper,Paper,5,11.14869409,9,85,3.97296466,10.17144559
Recycled Paperboard,Paper,6,20.9163638,10,90,3.606258446,8.721870987
Molded Pulp,Pulp,8,21.09251236,10,95,3.118225186,15.06596751
Bagasse Fiber,Natural Fiber,7,20.93014276,10,84,2.482181831,17.81589604
Bamboo Fiber Packaging,Natural Fiber,7,19.1060859,9,81,3.999894898,13.70381091
Hemp Fiber Board,Natural Fiber,7,25.78445022,9,78,3.058475194,18.97426039
Biodegradable PLA,Bioplastic,8,26.33121645,6,65,5.246602618,19.90050554
Compostable PBAT,Bioplastic,8,30.8027808,9,73,5.414217557,16.58252015
Starch-Based Plastic,Bioplastic,8,21.56590976,8,68,5.012947066,17.41914228
Recycled PET,Plastic,10,36.55787052,4,85,6.009017486,19.08754173
HDPE Recycled,Plastic,7,41.6584363,2,87,6.981199018,24.29886832
LDPE Recycled,Plastic,6,30.89312909,2,89,5.768893222,18.50333047
Reusable Plastic Crate,Plastic,10,50.99837134,2,39,7.431612952,22.90534111
Glass Bottle,Glass,9,36.56263579,1,31,8.754404908,21.1687428
Tempered Glass Packaging,Glass,10,42.98601161,2,26,9.21258547,26.60494266
Aluminum Can,Metal,7,36.06801763,4,77,5.938141239,18.83242902
Tin Container,Metal,9,41.45968555,3,72,7.219737117,20.76260652
Steel Packaging,Metal,10,50.88669027,1,64,7.107056401,28.6043856
Wooden Crate,Wood,9,47.99516315,5,55,4.001738988,22.788748
Plywood Box,Wood,10,52.70842767,5,56,5.312745728,28.61220752
Cornstarch Packaging,Biopolymer,7,23.04545604,9,77,4.230348687,14.35801143
Seaweed Packaging,Biopolymer,6,16.5497194,10,83,3.060241366,15.38048353
Mushroom Packaging,Biopolymer,7,18.76758991,10,96,2.737726274,18.53674752
Palm Leaf Packaging,Natural Fiber,5,13.2276599,10,83,3.087165739,11.27528187
Corrugated Cardboard,Paper,7,20.64773029,7,84,3.64868921,10.32880911
Kraft Paper,Paper,7,11.14894315,8,92,3.564635572,12.39892438
Recycled Paperboard,Paper,6,18.54764305,8,93,3.625872418,8.150241077
Molded Pulp,Pulp,8,23.96352081,9,94,2.88639006,15.52165484
Bagasse Fiber,Natural Fiber,6,14.21242576,10,83,2.908585275,14.58562241
Bamboo Fiber Packaging,Natural Fiber,8,18.90833921,8,84,3.669861312,16.05485677
Hemp Fiber Board,Natural Fiber,7,25.70373154,8,77,3.450354327,16.08100053
Biodegradable PLA,Bioplastic,8,32.89623345,7,67,4.487181507,18.99677946
Compostable PBAT,Bioplastic,8,25.52178471,7,67,5.401674197,18.18085846
Starch-Based Plastic,Bioplastic,6,25.37245952,9,67,4.392834167,16.41857275
Recycled PET,Plastic,10,36.14788476,2,82,5.640441904,20.9236793
HDPE Recycled,Plastic,8,39.24486817,1,91,5.934515458,20.53046648
LDPE Recycled,Plastic,7,32.18560913,3,87,6.989717876,18.69149634
Reusable Plastic Crate,Plastic,9,47.05173797,1,43,7.428212492,25.07267858
Glass Bottle,Glass,8,36.68470743,1,32,8.577883806,23.21184314
Tempered Glass Packaging,Glass,10,43.594411,1,25,9.511290454,28.15553407
Aluminum Can,Metal,9,33.70497124,4,79,6.032268376,21.74093944
Tin Container,Metal,10,35.9347264,1,65,6.263480667,24.7295771
Steel Packaging,Metal,10,56.36868832,2,72,8.116397136,30.53265823
Wooden Crate,Wood,8,48.87126151,7,58,4.407972109,21.55957711
Plywood Box,Wood,9,49.47175907,5,57,4.934657463,29.99897763
Cornstarch Packaging,Biopolymer,7,16.04090463,8,85,3.672445477,13.9405755
Seaweed Packaging,Biopolymer,6,14.92729991,9,84,2.887525135,16.813426
Mushroom Packaging,Biopolymer,7,24.0570456,10,89,2.423295971,20.70725372
Palm Leaf Packaging,Natural Fiber,6,14.18967091,9,85,3.13275933,13.70137881
Corrugated Cardboard,Paper,7,23.47080727,7,85,3.592092423,10.72363787
Kraft Paper,Paper,7,19.73037102,8,90,3.81730391,11.10945716
Recycled Paperboard,Paper,7,13.561786,9,88,3.880292304,10.99424467
Molded Pulp,Pulp,8,29.73756996,9,99,3.231167025,15.22535899
Bagasse Fiber,Natural Fiber,6,16.66901956,9,83,3.250167317,13.86420015
Bamboo Fiber Packaging,Natural Fiber,6,26.81393044,8,76,3.931132095,15.62828264
Hemp Fiber Board,Natural Fiber,8,28.76492803,10,79,3.780386677,18.36096901
Biodegradable PLA,Bioplastic,10,27.13351641,8,65,4.993869835,20.44170408
Compostable PBAT,Bioplastic,8,26.92984131,8,73,4.968557924,14.82875222
Starch-Based Plastic,Bioplastic,7,28.38584942,9,75,5.063250732,15.76722425
Recycled PET,Plastic,9,30.59434854,2,82,5.38439223,18.24742034
HDPE Recycled,Plastic,8,37.48966996,1,89,6.851146799,24.28266857
LDPE Recycled,Plastic,7,27.94764037,1,91,6.225444383,22.64146816
Reusable Plastic Crate,Plastic,9,53.32635027,3,43,8.289953031,27.34677697
Glass Bottle,Glass,10,35.11741091,2,28,8.499202061,20.75636369
Tempered Glass Packaging,Glass,9,43.27673066,1,32,9.287843049,24.62744349
Aluminum Can,Metal,8,37.06169368,4,70,6.796905425,18.43317907
Tin Container,Metal,9,37.72625307,1,74,7.032097124,21.5409706
Steel Packaging,Metal,10,58.85408925,1,72,7.891980607,30.99561955
Wooden Crate,Wood,8,42.19022,5,60,4.48720784,24.9611966
Plywood Box,Wood,10,46.61208351,6,51,4.853211019,28.97002702
Cornstarch Packaging,Biopolymer,6,20.19272609,10,81,3.032615843,12.93375036
Seaweed Packaging,Biopolymer,6,14.17114688,10,88,2.803484505,19.93815383
Mushroom Packaging,Biopolymer,7,18.04963742,10,91,2.458131498,21.60999831
Palm Leaf Packaging,Natural Fiber,5,10.3819832,10,80,3.553700279,12.67793416
Corrugated Cardboard,Paper,6,22.34000483,8,85,4.520445603,10.63103178
Kraft Paper,Paper,6,13.03689442,10,91,3.782405581,11.38516515
Recycled Paperboard,Paper,5,14.06041584,9,86,3.506843473,11.30764561
Molded Pulp,Pulp,8,28.9796453,8,91,3.713165122,14.27667905
Bagasse Fiber,Natural Fiber,7,20.8424628,10,83,3.367310178,12.21888161
Bamboo Fiber Packaging,Natural Fiber,6,17.84234891,10,81,3.576349293,15.6023652
Hemp Fiber Board,Natural Fiber,7,29.47104263,10,81,3.079213393,20.49341029
Biodegradable PLA,Bioplastic,8,23.46026641,6,60,4.96323182,16.37707999
Compostable PBAT,Bioplastic,7,24.62576561,8,73,5.199358902,17.86782016
Starch-Based Plastic,Bioplastic,7,24.11395314,8,72,5.091877058,16.16711502
Recycled PET,Plastic,10,33.51650264,3,80,6.002877577,21.32555502
HDPE Recycled,Plastic,8,36.69259411,2,86,6.63761271,19.12755715
LDPE Recycled,Plastic,8,29.25268255,3,92,6.037726726,21.21146669
Reusable Plastic Crate,Plastic,10,45.95311856,1,44,8.374776432,27.37668815
Glass Bottle,Glass,8,37.39911785,1,25,8.984845671,22.98858671
Tempered Glass Packaging,Glass,10,49.33825345,1,23,9.440924413,25.72516416
Aluminum Can,Metal,7,38.11046155,3,77,5.991791138,20.99098706
Tin Container,Metal,10,39.82617765,3,74,6.694510695,24.5556455
Steel Packaging,Metal,9,55.78296327,1,64,7.313903408,25.43194115
Wooden Crate,Wood,9,41.07719519,5,60,4.701236505,23.00450123
Plywood Box,Wood,9,50.78205859,4,56,5.102929734,29.67134581
Cornstarch Packaging,Biopolymer,7,22.52495914,8,81,4.148899667,15.84759007
Seaweed Packaging,Biopolymer,6,21.0223,10,85,3.19069716,19.53306648
Mushroom Packaging,Biopolymer,7,20.05757426,9,94,2.770421637,20.73701454
Palm Leaf Packaging,Natural Fiber,7,17.58861608,9,86,3.459356366,16.71762198
Corrugated Cardboard,Paper,6,17.04542921,7,88,3.674339029,9.619249845
Kraft Paper,Paper,7,17.7654783,8,83,4.014110388,13.77082216
Recycled Paperboard,Paper,7,16.84221741,9,90,3.828706432,12.63654389
Molded Pulp,Pulp,9,24.414261,10,94,2.666192849,13.80671977
Bagasse Fiber,Natural Fiber,6,19.59103703,10,86,3.143138638,12.11808654
Bamboo Fiber Packaging,Natural Fiber,7,26.47490214,8,76,3.039916347,14.59930545
Hemp Fiber Board,Natural Fiber,8,28.97154794,8,79,3.820494208,20.63390054
Biodegradable PLA,Bioplastic,10,30.95868153,6,67,4.561811708,20.49925866
Compostable PBAT,Bioplastic,9,22.17223195,9,66,4.968196862,16.00001864
Starch-Based Plastic,Bioplastic,6,28.66121725,8,67,5.125204592,15.9678746
Recycled PET,Plastic,10,34.86391929,4,87,6.504694199,17.20788206
HDPE Recycled,Plastic,7,41.74832287,2,94,6.433237178,21.17917206
LDPE Recycled,Plastic,6,33.45617825,3,92,6.363976044,22.20159619
Reusable Plastic Crate,Plastic,10,50.87016783,1,44,7.212122961,26.90691255
Glass Bottle,Glass,10,36.16272491,2,29,7.875945931,22.06624081
Tempered Glass Packaging,Glass,10,40.91493546,1,23,8.694586821,26.11276539
Aluminum Can,Metal,7,34.17783827,3,72,6.501811113,20.11124136
Tin Container,Metal,10,41.8146524,3,68,6.49671944,20.10033229
Steel Packaging,Metal,10,50.69975872,1,67,7.166594017,28.44025512
Wooden Crate,Wood,7,49.75717019,5,64,5.255662608,26.37851622
Plywood Box,Wood,8,46.00997771,4,51,5.574067873,29.54550227
Cornstarch Packaging,Biopolymer,7,20.36243073,9,83,3.410518246,12.85339565
Seaweed Packaging,Biopolymer,7,14.63144058,9,87,2.493791165,15.06105682
Mushroom Packaging,Biopolymer,8,25.5923398,9,96,3.000614597,17.69098163
Palm Leaf Packaging,Natural Fiber,7,12.91975172,10,85,3.322927917,14.86071857
Corrugated Cardboard,Paper,6,24.60212194,7,87,4.517725608,13.20080552
Kraft Paper,Paper,5,17.48566474,9,92,3.496554472,10.08894981
Recycled Paperboard,Paper,5,18.55990282,9,91,3.320191896,9.017571583
Molded Pulp,Pulp,9,28.08011066,9,93,3.219186965,13.6712723
Bagasse Fiber,Natural Fiber,5,15.80766522,9,80,2.228255669,12.18882894
Bamboo Fiber Packaging,Natural Fiber,8,21.31879162,9,81,3.005981404,16.53110155
Hemp Fiber Board,Natural Fiber,7,30.46600011,8,76,3.366881603,17.395849
Biodegradable PLA,Bioplastic,9,27.0866175,7,63,4.51708438,19.19021075
Compostable PBAT,Bioplastic,9,23.59285066,9,71,4.136106913,19.971348
Starch-Based Plastic,Bioplastic,6,23.78075225,9,67,4.85738504,14.0939397
Recycled PET,Plastic,10,32.33045108,2,86,5.575109676,21.42712911
HDPE Recycled,Plastic,8,39.13406874,2,90,6.88555216,21.87852559
LDPE Recycled,Plastic,8,27.82258628,1,92,6.39494725,23.89761315
Reusable Plastic Crate,Plastic,10,50.68649535,2,35,8.297010697,25.14817344
Glass Bottle,Glass,9,41.45405622,1,29,8.257805481,20.82442962
Tempered Glass Packaging,Glass,10,43.93890727,2,27,9.230320977,26.6133894
Aluminum Can,Metal,7,37.64501529,4,71,6.044394651,18.60954775
Tin Container,Metal,8,35.10769098,1,73,6.911295075,22.39686207
Steel Packaging,Metal,10,56.40835629,1,66,7.891616389,29.88551396
Wooden Crate,Wood,9,47.20346809,6,60,4.663807357,21.00144486
Plywood Box,Wood,10,48.22033736,4,59,4.941529237,24.78728096
Cornstarch Packaging,Biopolymer,8,18.17835532,8,81,3.213868732,17.20249931
Seaweed Packaging,Biopolymer,7,15.48939578,9,86,2.5386924,17.75689021
Mushroom Packaging,Biopolymer,8,17.53222014,9,88,1.855502441,16.76941623
Palm Leaf Packaging,Natural Fiber,6,13.09627292,10,83,2.834712183,12.63591044
Corrugated Cardboard,Paper,7,18.85902829,9,82,4.091349546,14.42831957
Kraft Paper,Paper,6,10.31002748,8,88,4.085493265,10.69596224
Recycled Paperboard,Paper,5,22.25194886,8,90,3.449889086,10.96931263
Molded Pulp,Pulp,8,22.40033742,10,95,2.476540988,15.11394315
Bagasse Fiber,Natural Fiber,7,20.46663857,10,85,3.455686023,15.73092157
Bamboo Fiber Packaging,Natural Fiber,6,25.7156093,10,77,3.150660543,15.53066161
Hemp Fiber Board,Natural Fiber,8,29.27572288,9,77,3.007066821,17.49580714
Biodegradable PLA,Bioplastic,8,31.88445618,7,63,5.422463512,18.33579712
Compostable PBAT,Bioplastic,7,28.24253589,8,67,4.955181696,15.70481811
Starch-Based Plastic,Bioplastic,7,22.96797919,8,76,4.322167356,14.8275945
Recycled PET,Plastic,8,35.89618548,3,80,5.76289746,21.89280321
HDPE Recycled,Plastic,7,36.28282439,3,94,6.913380901,20.90409521
LDPE Recycled,Plastic,6,28.82891555,1,92,6.309874568,18.7125349
Reusable Plastic Crate,Plastic,9,49.98393341,3,38,8.017384218,25.6018254
Glass Bottle,Glass,9,43.32780553,2,33,8.979399902,20.23042104
Tempered Glass Packaging,Glass,10,40.11249006,1,23,9.425899571,24.82813558
Aluminum Can,Metal,7,33.75362552,2,77,6.696424133,21.33995617
Tin Container,Metal,10,34.22968108,2,73,6.146966673,24.31075609
Steel Packaging,Metal,10,56.0494955,2,70,7.592296979,30.81191388
Wooden Crate,Wood,9,45.62224242,5,58,4.106234998,25.28568451
Plywood Box,Wood,10,46.38879541,6,54,5.818109854,27.07389008
Cornstarch Packaging,Biopolymer,7,23.60270822,9,86,4.136068679,14.7210192
Seaweed Packaging,Biopolymer,7,21.30787092,9,85,2.396942141,14.39365926
Mushroom Packaging,Biopolymer,8,21.07583273,10,89,2.244836456,18.70782748
Palm Leaf Packaging,Natural Fiber,5,15.58520671,10,83,2.578783268,12.59815132
Corrugated Cardboard,Paper,6,20.09442237,8,83,4.157911398,14.6969928
Kraft Paper,Paper,7,11.84764214,10,85,3.256295663,9.101239796
Recycled Paperboard,Paper,6,15.5695899,9,92,4.434762108,12.43401561
Molded Pulp,Pulp,7,22.651477,8,95,3.482607653,14.45953791
Bagasse Fiber,Natural Fiber,6,21.06999687,10,80,2.797716844,15.93401873
Bamboo Fiber Packaging,Natural Fiber,7,20.63847043,8,76,3.57962726,18.66857347
Hemp Fiber Board,Natural Fiber,9,28.91783091,8,74,3.869266361,16.37771078
Biodegradable PLA,Bioplastic,8,32.49655476,6,67,4.471131199,20.08410639
Compostable PBAT,Bioplastic,7,30.05497482,8,67,4.53018225,19.03857535
Starch-Based Plastic,Bioplastic,6,26.95968942,7,73,4.283013309,16.40776669
Recycled PET,Plastic,8,31.86712281,4,83,5.746959378,21.87840885
HDPE Recycled,Plastic,8,41.44073851,2,92,6.561816434,20.8484393
LDPE Recycled,Plastic,7,33.13531891,2,83,5.842890824,19.74404146
Reusable Plastic Crate,Plastic,9,54.87544157,2,41,7.950745175,26.88090963
Glass Bottle,Glass,8,35.6262732,1,32,8.024517621,22.07053197
Tempered Glass Packaging,Glass,9,43.26039176,2,29,8.43083454,24.51782631
Aluminum Can,Metal,8,38.19438429,4,78,5.71609437,19.60214049
Tin Container,Metal,8,40.92685071,3,72,6.505227746,21.13339993
Steel Packaging,Metal,9,51.9363451,1,68,7.058352567,27.04729479
Wooden Crate,Wood,9,45.00587238,7,59,4.895599879,25.14890458
Plywood Box,Wood,9,47.88841039,5,50,5.111985839,26.1479041
Cornstarch Packaging,Biopolymer,8,18.54162438,9,83,3.253995689,17.38387693
Seaweed Packaging,Biopolymer,6,14.48533754,10,83,2.32553168,15.66338278
Mushroom Packaging,Biopolymer,6,21.67358944,10,96,2.634290507,20.46758994
Palm Leaf Packaging,Natural Fiber,5,15.27029438,9,80,2.488355356,14.31318774
Corrugated Cardboard,Paper,8,15.39107262,9,83,3.869471524,13.64851327
Kraft Paper,Paper,5,12.10872598,8,87,4.175151797,13.35763848
Recycled Paperboard,Paper,6,15.15094714,10,91,3.232816157,12.6893517
Molded Pulp,Pulp,8,22.38840028,9,98,3.774459798,15.87988024
Bagasse Fiber,Natural Fiber,6,15.02276299,10,81,2.845381647,12.73834636
Bamboo Fiber Packaging,Natural Fiber,7,23.40982647,9,78,2.907977779,18.6300187
Hemp Fiber Board,Natural Fiber,8,28.05369345,8,74,3.630235808,16.42623659
Biodegradable PLA,Bioplastic,8,27.12730812,7,62,4.852727212,21.97582555
Compostable PBAT,Bioplastic,8,21.66447742,8,72,4.557766228,14.75207451
Starch-Based Plastic,Bioplastic,6,28.3944882,7,75,4.132160995,13.60516197
Recycled PET,Plastic,10,34.26498496,3,80,6.060987554,18.18594718
HDPE Recycled,Plastic,9,38.88063953,2,90,6.933453615,19.09191713
LDPE Recycled,Plastic,7,31.25133794,1,92,6.569035882,23.69140865
Reusable Plastic Crate,Plastic,9,45.30591557,2,37,7.798948339,24.28688589
Glass Bottle,Glass,8,38.25693165,1,26,8.046536925,24.46400548
Tempered Glass Packaging,Glass,9,49.31269957,1,25,8.419988509,27.07132644
Aluminum Can,Metal,7,33.16995902,4,72,6.369250078,18.8934334
Tin Container,Metal,9,34.26058957,3,68,6.91431213,22.87697376
Steel Packaging,Metal,10,57.90114175,2,69,7.911816214,30.4483748
Wooden Crate,Wood,9,45.07361783,5,59,5.28498208,24.67714376
Plywood Box,Wood,8,47.49543687,4,50,4.983452185,26.73534291
Cornstarch Packaging,Biopolymer,8,16.91906493,8,80,3.615073191,13.3642135
Seaweed Packaging,Biopolymer,6,22.04239325,10,86,2.453515521,19.83557815
Mushroom Packaging,Biopolymer,7,24.62956266,9,87,2.052660793,17.52604941
Palm Leaf Packaging,Natural Fiber,7,10.22032861,9,84,2.51820748,12.99233469
Corrugated Cardboard,Paper,8,24.58531094,9,88,4.666364187,12.0190493
Kraft Paper,Paper,6,14.59002044,9,85,4.108634161,12.22593267
Recycled Paperboard,Paper,7,21.32134812,8,93,4.095918577,8.191692828
Molded Pulp,Pulp,7,27.02425006,9,90,2.465688679,14.91792826
Bagasse Fiber,Natural Fiber,5,16.30001733,10,85,3.449672001,17.81728127
Bamboo Fiber Packaging,Natural Fiber,7,20.21426969,9,76,3.249226824,18.06969001
Hemp Fiber Board,Natural Fiber,9,27.97392996,9,74,3.749175122,20.14432619
Biodegradable PLA,Bioplastic,10,23.00854938,6,68,5.389327938,19.93275975
Compostable PBAT,Bioplastic,7,21.28804128,8,68,5.311264937,18.79012802
Starch-Based Plastic,Bioplastic,7,26.25847734,9,75,4.797465251,16.56281461
Recycled PET,Plastic,8,34.7855836,2,85,5.841356037,19.98470801
HDPE Recycled,Plastic,8,38.89504333,3,92,6.77970512,24.45952192
LDPE Recycled,Plastic,8,27.45500451,3,92,6.082328515,23.15505266
Reusable Plastic Crate,Plastic,10,54.02171071,2,39,7.29906879,25.08937812
Glass Bottle,Glass,8,39.06152762,2,30,8.084571721,20.81881488
Tempered Glass Packaging,Glass,9,48.08231088,2,23,9.090294686,25.1481034
Aluminum Can,Metal,9,33.20387451,4,75,6.828840106,19.53515264
Tin Container,Metal,10,33.64451012,1,74,6.514707153,24.4854673
Steel Packaging,Metal,9,58.6834574,1,69,7.529428809,25.908916
Wooden Crate,Wood,7,44.63593945,7,63,4.909401509,25.46906819
Plywood Box,Wood,8,46.89210174,5,53,5.41007707,27.58142976
Cornstarch Packaging,Biopolymer,7,17.26768693,10,81,4.093933139,12.82229925
Seaweed Packaging,Biopolymer,6,19.24010863,9,87,3.367434371,17.18774491
Mushroom Packaging,Biopolymer,8,25.48190588,9,87,3.105078185,19.37104411
Palm Leaf Packaging,Natural Fiber,6,11.06896297,10,86,2.970483916,16.80994025
Corrugated Cardboard,Paper,8,19.49916149,7,81,4.82554643,11.94382382
Kraft Paper,Paper,7,15.5321322,8,90,3.906900573,11.15524117
Recycled Paperboard,Paper,6,18.03545333,10,91,3.421951105,8.59419286
Molded Pulp,Pulp,9,20.42546195,9,93,3.135714894,12.2948129
Bagasse Fiber,Natural Fiber,7,17.85815122,10,81,2.742304198,15.41090606
Bamboo Fiber Packaging,Natural Fiber,8,25.83019223,9,78,3.402001774,14.22727985
Hemp Fiber Board,Natural Fiber,9,31.40261672,8,79,2.617459932,20.66597269
Biodegradable PLA,Bioplastic,10,28.4966431,8,62,4.71527782,16.69281124
Compostable PBAT,Bioplastic,7,29.23430308,7,68,4.927390384,18.14048244
Starch-Based Plastic,Bioplastic,6,28.85850301,9,73,3.979223303,14.65813048
Recycled PET,Plastic,8,35.19315903,4,81,6.684880698,20.75441365
HDPE Recycled,Plastic,8,39.66950659,1,92,6.127585778,22.23773383
LDPE Recycled,Plastic,7,29.25781954,1,87,6.217892212,19.78353345
Reusable Plastic Crate,Plastic,9,45.31501691,3,42,7.526278318,27.45538984
Glass Bottle,Glass,9,38.64574004,2,29,8.261836336,19.33232086
Tempered Glass Packaging,Glass,9,48.03682454,1,30,8.85479355,24.01532441
Aluminum Can,Metal,8,30.93163236,3,78,6.19994228,19.6649392
Tin Container,Metal,9,41.85326064,3,69,6.85897957,24.22123486
Steel Packaging,Metal,9,52.71307519,2,70,7.667148579,25.75179168
Wooden Crate,Wood,8,44.90676673,5,56,4.722328484,25.11632992
Plywood Box,Wood,8,48.57382116,4,51,4.790006618,27.33750094
Cornstarch Packaging,Biopolymer,8,15.21303162,8,79,3.263964636,13.48892935
Seaweed Packaging,Biopolymer,7,20.11564714,9,91,3.091505509,18.65845831
Mushroom Packaging,Biopolymer,6,23.79865208,10,87,2.682406468,16.18265026
Palm Leaf Packaging,Natural Fiber,6,19.13050278,10,83,2.76838494,16.76215667
Corrugated Cardboard,Paper,7,21.6595407,8,83,3.528100709,14.00367461
Kraft Paper,Paper,7,19.7385891,8,91,4.52787497,12.91751366
Recycled Paperboard,Paper,6,22.97503256,9,87,3.238998681,10.93170526
Molded Pulp,Pulp,7,22.84656896,8,91,3.538903111,16.56657724
Bagasse Fiber,Natural Fiber,7,17.18045722,10,89,2.464194011,12.53939953
Bamboo Fiber Packaging,Natural Fiber,8,25.46686934,9,81,3.024800796,13.99800856
Hemp Fiber Board,Natural Fiber,7,25.39243652,8,76,3.137468009,15.35925616
Biodegradable PLA,Bioplastic,10,32.8902364,8,65,4.775920653,21.89018036
Compostable PBAT,Bioplastic,8,25.92200447,7,72,5.130096583,14.03328435
Starch-Based Plastic,Bioplastic,8,23.81176775,7,70,4.098675666,18.94974349
Recycled PET,Plastic,10,32.31872001,2,86,6.450328763,17.62213821
HDPE Recycled,Plastic,9,42.65847267,2,89,6.698608795,23.6664747
LDPE Recycled,Plastic,8,34.51316867,2,84,6.057124322,20.18089554
Reusable Plastic Crate,Plastic,10,53.81422382,2,42,8.061168989,25.70554266
Glass Bottle,Glass,8,40.14563217,1,26,9.186931455,24.87408919
Tempered Glass Packaging,Glass,9,41.4586059,1,31,8.244096397,23.90177608
Aluminum Can,Metal,8,37.48541975,4,71,6.7786474,17.48289195
Tin Container,Metal,9,36.74177134,2,66,6.804099317,20.20948319
Steel Packaging,Metal,9,58.17983514,1,66,7.332438605,27.16335689
Wooden Crate,Wood,7,49.75050569,7,58,4.272378401,24.60484205
Plywood Box,Wood,9,48.93280817,5,51,5.568404754,27.42648279
Cornstarch Packaging,Biopolymer,8,20.06749046,8,83,3.049044916,13.84681672
Seaweed Packaging,Biopolymer,7,16.44925746,10,88,2.212746904,14.81945693
Mushroom Packaging,Biopolymer,8,26.36798037,10,94,2.743760711,16.01445635
Palm Leaf Packaging,Natural Fiber,5,18.52588835,9,80,2.672842475,16.52241969
Corrugated Cardboard,Paper,8,16.2920125,9,86,3.89929065,13.03974308
Kraft Paper,Paper,5,17.77500916,9,89,3.603770001,8.114800797
Recycled Paperboard,Paper,7,16.48540315,9,92,3.866082825,12.90876814
Molded Pulp,Pulp,8,22.67032935,9,92,3.572326725,16.99729287
Bagasse Fiber,Natural Fiber,7,16.67157095,10,81,3.064631478,14.56259995
Bamboo Fiber Packaging,Natural Fiber,8,17.77227251,8,79,3.419724064,18.96421695
Hemp Fiber Board,Natural Fiber,8,28.70711912,10,79,3.561341388,19.48159095
Biodegradable PLA,Bioplastic,8,31.29978811,7,62,4.978262554,20.96767738
Compostable PBAT,Bioplastic,7,27.73930702,8,70,4.78726604,19.00316276
Starch-Based Plastic,Bioplastic,7,25.08898297,7,73,5.253309679,13.21973402
Recycled PET,Plastic,8,37.132937,3,87,6.377991355,20.08407302
HDPE Recycled,Plastic,9,44.29581274,3,91,6.68753064,24.53200535
LDPE Recycled,Plastic,8,32.25206144,2,90,6.52128514,21.8376338
Reusable Plastic Crate,Plastic,10,47.42602209,1,44,7.781737174,27.54992081
Glass Bottle,Glass,10,42.47457586,2,25,8.652873714,22.07897582
Tempered Glass Packaging,Glass,10,49.3883263,1,25,9.312301563,26.89578601
Aluminum Can,Metal,8,39.55206127,2,70,6.845961022,19.02597827
Tin Container,Metal,9,36.32099748,3,68,6.885266574,24.52500945
Steel Packaging,Metal,9,54.42595713,2,64,7.031452389,30.40733762
Wooden Crate,Wood,8,44.18292006,5,60,4.87801455,23.86982456
Plywood Box,Wood,10,54.98953796,6,56,5.356360197,24.31443863
Cornstarch Packaging,Biopolymer,8,15.85005117,10,84,3.898710246,15.99306784
Seaweed Packaging,Biopolymer,6,14.10818409,10,89,2.160028091,17.74853196
Mushroom Packaging,Biopolymer,6,19.41860085,10,94,1.896061642,21.02796304
Palm Leaf Packaging,Natural Fiber,6,13.40312473,10,85,3.220872576,13.0073507
Corrugated Cardboard,Paper,6,23.97681287,8,84,4.347862632,14.20646443
Kraft Paper,Paper,6,17.45214123,10,88,4.514232926,12.04818173
Recycled Paperboard,Paper,7,16.96935561,9,91,3.372487358,12.17494483
Molded Pulp,Pulp,7,20.24442409,10,94,3.439777173,16.53429648
Bagasse Fiber,Natural Fiber,7,16.86161834,10,88,2.48946182,14.42498896
Bamboo Fiber Packaging,Natural Fiber,7,26.24108181,9,76,3.880404961,13.31071492
Hemp Fiber Board,Natural Fiber,8,33.48238512,10,73,3.713759425,20.69378761
Biodegradable PLA,Bioplastic,8,25.26183238,7,62,5.286854817,17.51862884
Compostable PBAT,Bioplastic,7,23.79203578,7,67,5.405808293,14.34226321
Starch-Based Plastic,Bioplastic,8,27.64748403,9,76,4.74899218,15.91210348
Recycled PET,Plastic,8,32.95353476,4,84,6.085749186,20.05303041
HDPE Recycled,Plastic,7,39.52988793,3,91,6.887050821,21.32250507
LDPE Recycled,Plastic,8,36.6825263,2,90,6.157940907,21.23122131
Reusable Plastic Crate,Plastic,10,50.77334514,1,39,7.780726196,26.83600354
Glass Bottle,Glass,9,41.76523566,1,29,8.203334131,19.66718416
Tempered Glass Packaging,Glass,10,42.28950188,2,32,8.585145774,24.59653393
Aluminum Can,Metal,7,34.96920967,3,71,6.725050816,21.44737288
Tin Container,Metal,8,37.7021832,3,73,6.81555369,24.26196066
Steel Packaging,Metal,9,54.02837907,1,64,7.501434907,27.90808715
Wooden Crate,Wood,9,46.62693876,6,62,5.003076137,26.58309581
Plywood Box,Wood,10,49.03549893,6,58,4.902344207,26.01754258
Cornstarch Packaging,Biopolymer,7,23.34864836,8,83,3.813714776,17.22204338
Seaweed Packaging,Biopolymer,5,17.20958368,10,87,3.061422257,19.37021478
Mushroom Packaging,Biopolymer,7,23.42460814,10,94,3.179788887,16.67506345
Palm Leaf Packaging,Natural Fiber,7,14.48326895,10,84,3.552264412,12.58147702
Corrugated Cardboard,Paper,7,22.10060952,8,86,4.167986936,10.32064423
Kraft Paper,Paper,7,19.88591487,8,91,3.801883874,9.624740159
Recycled Paperboard,Paper,7,15.53752122,10,88,3.156292252,7.06352201
Molded Pulp,Pulp,8,23.17537231,10,95,3.157637105,15.12565125
Bagasse Fiber,Natural Fiber,7,18.88940516,9,82,2.550205031,16.0278835
Bamboo Fiber Packaging,Natural Fiber,7,22.22673157,8,81,3.039861301,13.92697069
Hemp Fiber Board,Natural Fiber,7,31.67363385,9,78,3.206000229,20.736793
Biodegradable PLA,Bioplastic,9,25.37222341,6,67,5.264956822,21.6098586
Compostable PBAT,Bioplastic,8,30.72614408,9,70,4.910706843,16.9548442
Starch-Based Plastic,Bioplastic,6,24.35233725,7,69,5.040157848,17.53696913
Recycled PET,Plastic,8,34.85658163,4,80,6.07793782,19.11122533
HDPE Recycled,Plastic,7,36.87862579,1,88,7.069026712,21.22820228
LDPE Recycled,Plastic,7,36.67616982,3,88,5.931907251,22.38969776
Reusable Plastic Crate,Plastic,10,53.53374489,2,39,7.425851295,22.46580388
Glass Bottle,Glass,10,35.6281911,1,30,8.109680434,23.37475299
Tempered Glass Packaging,Glass,9,42.98923087,1,26,8.336795553,25.34771159
Aluminum Can,Metal,7,32.20230795,4,79,5.54890514,19.63473391
Tin Container,Metal,10,39.77298519,2,65,6.617834775,23.5299609
Steel Packaging,Metal,10,56.31911625,1,69,7.602136421,25.82596778
Wooden Crate,Wood,7,48.9514528,6,62,4.225619069,21.69089482
Plywood Box,Wood,9,47.11706027,5,54,5.658925136,25.70975269
Cornstarch Packaging,Biopolymer,8,23.18682122,10,81,3.711982712,13.49994492
Seaweed Packaging,Biopolymer,7,13.49683366,10,84,3.320207001,15.30330356
Mushroom Packaging,Biopolymer,6,26.71678288,9,95,3.184444847,19.26075786
Palm Leaf Packaging,Natural Fiber,5,13.34934701,9,83,3.265521115,14.73775839
